,x1,x2,Class
337,-0.448891,-1.969961,2
872,-3.928413,0.607126,3
830,3.515435,2.013046,3
1458,-5.100256,-0.98896,3
1497,-1.923644,5.251091,3
409,2.179993,-0.749969,2
927,-2.821138,-2.755924,3
1168,-0.392964,4.401542,3
1095,-1.12561,-4.716407,3
1260,-3.539671,-0.7727,3
468,-0.182356,-1.841669,2
26,0.85725,-0.671118,1
1166,2.313295,-3.555453,3
644,1.041938,-1.574227,2
742,-1.156079,-2.044966,2
33,0.222787,-0.414236,1
11,-0.420138,0.606288,1
1512,0.453046,3.845141,3
461,-0.80061,-1.909636,2
861,2.297611,4.518647,3
1692,5.100218,-0.906178,3
619,-1.999438,-1.21885,2
254,0.533179,-0.601162,1
1071,-2.219539,3.164832,3
1421,-4.782076,-0.081513,3
1675,-1.17995,-4.131308,3
556,1.738496,-1.42912,2
332,2.035125,-0.65624,2
517,-1.369905,-1.197773,2
687,1.896492,-1.319152,2
503,-0.640921,-2.218625,2
1452,-2.219798,2.99205,3
953,-3.786416,0.44997,3
374,1.222657,-1.487368,2
78,0.614304,-0.225856,1
413,-1.978359,-0.348887,2
1003,-2.070978,4.088372,3
185,0.310039,-1.089272,1
103,0.31869,0.990968,1
1224,2.996061,2.344472,3
1612,2.95074,-2.228902,3
1548,1.947051,-3.59235,3
178,0.450405,-0.226589,1
555,1.807679,-1.49563,2
489,1.565381,-1.351032,2
806,-3.649076,-2.347055,3
745,1.020776,-2.007996,2
166,0.522778,0.40158,1
804,3.993878,0.824427,3
1017,3.749145,-0.409156,3
1035,1.428018,4.465546,3
1608,1.85458,-3.356712,3
703,-1.21642,-1.520163,2
1382,-4.106738,-2.809301,3
688,-2.280107,-0.092884,2
1565,4.006619,1.376049,3
1157,-4.153194,1.629293,3
1566,1.413769,4.903402,3
182,-0.27231,-0.098128,1
1706,3.235625,-3.139201,3
1361,0.754402,-4.948653,3
1757,4.868577,-0.817121,3
752,2.144649,-0.431363,2
274,-0.42916,-0.172383,1
1119,-4.676864,-1.303118,3
846,4.246743,-1.359394,3
139,-0.080067,0.950909,1
137,-0.174417,-1.095933,1
559,-0.562329,-2.278901,2
1221,3.980928,2.6376,3
4,1.054486,-0.333915,1
211,-0.340882,0.973991,1
726,0.061618,-1.842466,2
606,1.299389,-1.513106,2
1593,1.838147,3.712826,3
397,-0.62868,-1.749224,2
1104,-1.20009,3.989032,3
483,-0.7536,-2.240861,2
1112,2.052916,-2.884006,3
816,-0.157593,-5.023431,3
839,2.502521,-2.765907,3
1285,2.962954,3.793736,3
433,0.853952,-2.081469,2
1037,-3.443343,3.847498,3
929,3.803113,2.162787,3
1296,-1.346363,3.423146,3
952,2.55637,-2.376142,3
605,2.210479,-0.259806,2
62,0.161436,-1.078477,1
1567,3.41803,4.171019,3
305,1.957612,-0.453224,2
364,-1.855656,-0.095347,2
508,-1.770522,-1.470543,2
330,2.184991,-0.272014,2
1013,-4.019863,-2.011318,3
602,1.941862,-0.660002,2
1282,0.208922,3.415202,3
763,2.187398,-0.058386,2
1030,0.610774,-4.078932,3
710,2.059924,-1.206218,2
290,-0.950859,-0.200922,1
123,-1.008966,0.117599,1
1526,-1.897447,4.835198,3
375,1.883581,-0.442441,2
847,0.723341,3.644411,3
200,-0.671467,0.23346,1
485,1.085948,-1.495359,2
781,-2.300459,-0.029711,2
511,0.138415,-2.014583,2
1407,3.910845,-3.679003,3
1470,4.645867,2.939477,3
1685,2.836822,-2.796452,3
571,-1.702307,-1.453143,2
121,-0.944801,0.364802,1
390,2.010941,-0.226898,2
487,2.203555,-0.282061,2
7,-0.996005,0.654919,1
835,-2.158504,-3.315526,3
312,1.868696,-0.486972,2
1484,-4.980404,-2.025612,3
999,4.174728,0.063557,3
699,2.021623,-0.315808,2
1791,-2.98482,-4.46707,3
1676,-1.755195,-3.648353,3
1552,-3.221669,4.054569,3
1246,-3.017177,-2.687744,3
354,-1.620287,-1.093616,2
552,-0.495636,-2.057389,2
1263,1.469703,4.100969,3
1351,-1.947294,-4.619981,3
1658,2.508317,-2.923838,3
1629,4.666818,1.473783,3
820,3.89048,-0.691393,3
1649,1.511572,-3.058702,3
968,-4.1205,1.853676,3
749,0.360661,-1.867176,2
1185,1.51369,5.00385,3
1267,3.248774,-4.336098,3
82,-0.5355,0.411802,1
1082,0.493108,-4.396018,3
210,-0.317454,-0.440472,1
22,0.622312,0.284414,1
1742,-3.127548,-2.368856,3
92,-0.957372,0.458524,1
58,0.206158,-0.064831,1
146,-0.02433,0.774118,1
163,-0.257851,0.980145,1
1550,-2.809261,4.646694,3
162,0.331705,0.380413,1
524,-0.239841,-2.015189,2
665,1.800037,-1.471541,2
1677,3.723507,0.746098,3
454,0.666706,-2.032796,2
306,-1.572628,-1.720889,2
42,-0.580772,-0.17694,1
1704,3.446747,-0.157684,3
875,0.399542,-3.734183,3
1081,-1.634023,5.073938,3
814,1.670984,-3.482231,3
1253,4.15675,3.570548,3
1500,-4.102453,-1.296362,3
1023,-3.834311,3.245377,3
1178,-0.491101,-4.301079,3
402,0.483282,-2.068216,2
728,-0.509959,-2.182583,2
914,-0.005392,-3.941409,3
888,4.264501,-3.253347,3
1327,-2.501125,4.083161,3
99,0.729517,-0.806659,1
958,-3.37885,-3.943839,3
1029,-4.163457,2.140194,3
244,0.135863,0.949339,1
303,1.588604,-1.097625,2
1105,5.073377,1.807356,3
1124,-1.546533,-3.103595,3
608,-2.042766,-0.079501,2
513,1.992254,-1.103715,2
177,0.377887,0.514961,1
1716,-0.846457,5.099076,3
436,0.251624,-2.228678,2
522,-1.922263,-0.164429,2
817,4.39268,0.511083,3
1127,-4.78008,-1.642891,3
369,0.46368,-1.900488,2
650,1.850493,-0.572643,2
825,3.678162,0.84106,3
1273,-3.857581,3.17916,3
882,0.636524,-3.518375,3
984,-5.011148,-1.801173,3
585,2.011871,-0.152295,2
1687,3.356495,1.071959,3
1378,4.520942,3.144065,3
1235,1.146695,5.373783,3
696,0.204162,-2.167546,2
1062,0.769394,4.466959,3
488,1.234779,-1.412033,2
1324,3.528243,1.815121,3
406,-0.267692,-2.300595,2
1025,-2.414782,4.131445,3
1488,2.771617,-2.129209,3
307,-2.05786,-0.473645,2
578,0.363001,-2.312532,2
1036,3.786082,3.472025,3
1388,-0.047384,3.648047,3
329,0.484055,-2.182857,2
323,-1.735145,-0.819554,2
108,0.108283,0.114105,1
811,-1.807919,2.899983,3
388,-1.891654,-0.117615,2
1696,-5.085785,1.948026,3
1432,-2.961481,-4.011604,3
1008,-0.314584,-3.536296,3
0,-0.380352,-0.390977,1
1471,-2.878579,3.68629,3
1341,3.485873,-3.463521,3
756,2.29755,-0.723473,2
622,1.663436,-1.562979,2
832,-3.156754,-2.668298,3
1428,-3.468545,-1.949603,3
74,-0.143215,1.073138,1
1067,0.775767,5.303081,3
771,1.198824,-1.731179,2
654,1.37512,-1.389095,2
294,-0.196396,0.190611,1
1110,2.563717,-3.4023,3
1789,0.96658,5.091855,3
87,0.02124,0.731093,1
1515,5.165684,-0.853619,3
1156,-0.068572,-4.039725,3
648,2.212826,-0.823096,2
1393,0.804983,5.531005,3
681,-1.816562,-0.204629,2
135,-0.83208,-0.773619,1
630,-1.510855,-1.624829,2
1109,1.144661,-4.09429,3
645,1.247358,-1.439333,2
730,0.665078,-2.059436,2
412,1.405446,-1.857779,2
1396,5.206198,0.054434,3
649,1.770873,-1.270964,2
1359,3.701043,1.473998,3
1320,0.389582,3.727967,3
566,-1.822125,-1.106774,2
819,-1.945673,-4.473274,3
315,-0.686382,-1.922308,2
507,1.828632,-1.550251,2
1247,2.420111,4.276276,3
68,0.941217,0.131224,1
120,0.538268,-0.170167,1
579,2.031417,-0.381147,2
518,-0.945017,-1.715927,2
1174,2.440383,2.349213,3
874,1.136491,-3.429504,3
28,-0.550574,-0.610252,1
1679,-3.717988,-1.324834,3
635,1.567476,-1.110325,2
651,0.454886,-1.961559,2
712,-0.332758,-1.899709,2
173,0.929375,-0.546538,1
280,-1.080905,0.169522,1
594,1.58161,-1.649888,2
64,0.798472,-0.755166,1
1007,-0.103536,3.487649,3
1723,-4.898352,-0.730715,3
1794,4.501403,1.694164,3
642,-0.101661,-2.298962,2
1583,-4.51609,-2.104177,3
496,-0.034642,-2.164883,2
587,-1.796492,-0.996227,2
327,-1.249234,-1.997357,2
175,0.919932,0.060552,1
359,1.903365,-0.232194,2
1356,1.851933,-3.106927,3
1075,-3.933201,-3.513351,3
1495,3.587343,-2.945109,3
1010,-1.587582,-4.41766,3
1765,0.58546,-5.024233,3
127,-0.261191,1.089947,1
1280,4.620656,-1.947068,3
1417,4.717977,-2.812993,3
1188,-3.264418,-3.040263,3
98,-0.95678,0.341734,1
1537,4.176226,2.306042,3
1044,-4.867881,-2.288487,3
1347,-3.532118,0.227042,3
778,2.061665,-0.063021,2
1322,-2.530442,2.521382,3
823,3.103933,3.460524,3
991,-4.721846,-1.997895,3
252,-0.987116,-0.594588,1
1441,-1.888174,3.872652,3
1699,2.160443,-3.874806,3
774,2.35834,-0.198862,2
612,0.191001,-2.162469,2
783,-1.546609,-1.121423,2
341,1.653364,-1.39313,2
186,-0.169512,-0.471964,1
869,0.08838,-4.701551,3
3,-1.129312,-0.387884,1
1669,4.422973,3.004102,3
689,1.128399,-1.577336,2
1269,0.066373,-3.560367,3
313,-1.414546,-1.334059,2
1474,-4.18318,-2.992174,3
152,-1.037089,0.003575,1
86,0.273292,0.855253,1
1557,-1.609919,-4.193615,3
1516,-0.487161,-3.995648,3
1626,-0.395193,4.349542,3
12,0.035121,-0.637674,1
1496,-2.674346,-3.971363,3
195,-0.414013,-0.252017,1
418,-1.770701,-0.316059,2
614,0.892339,-1.935102,2
777,-0.851805,-1.945003,2
514,1.885678,-0.78645,2
1021,-4.294591,-0.664096,3
90,0.74211,-0.629121,1
931,3.38979,-4.301436,3
214,0.81627,-0.300832,1
865,5.129406,-1.12811,3
1663,-3.132219,2.853539,3
36,-0.590759,-0.564941,1
907,1.568444,3.868798,3
903,-3.158986,4.306411,3
1563,-1.942814,-5.145016,3
640,-1.432156,-1.118179,2
77,-0.092153,-0.713471,1
791,1.392455,-1.786003,2
1089,0.298258,-5.286402,3
666,1.224583,-1.717514,2
1589,2.152465,5.113561,3
1203,4.500144,1.500392,3
1045,5.255311,-1.950482,3
169,-0.065904,0.480932,1
1793,3.780908,-0.760409,3
808,4.224283,-0.59997,3
49,0.011188,-0.489718,1
1281,3.462889,1.993416,3
1255,-3.649315,1.143007,3
171,-0.416361,-0.382198,1
643,-2.000319,-0.921251,2
941,-4.727356,-2.847637,3
784,-2.185774,-0.32322,2
1582,5.499151,0.152586,3
1678,3.401049,-0.330451,3
724,0.174849,-1.849353,2
43,0.484564,-0.434955,1
1546,-5.461663,0.573866,3
1046,-4.783878,-0.116615,3
764,2.039782,-0.367688,2
256,0.642345,-0.268873,1
1093,-3.196719,1.867964,3
356,1.17348,-1.809433,2
768,0.098136,-2.145934,2
111,0.697558,0.687522,1
1751,-4.193417,-1.064576,3
366,0.573413,-2.303854,2
1442,3.987828,-1.359811,3
1782,3.65098,-3.752905,3
1399,5.469628,0.400287,3
676,1.282003,-1.515698,2
5,-0.867611,-0.226268,1
114,-0.760357,0.297018,1
6,0.619771,0.025771,1
1200,-2.074186,-3.741673,3
1719,4.307091,-3.475533,3
1621,2.535862,-2.6399,3
515,-0.108757,-2.08124,2
949,-2.011636,-3.380676,3
1340,-0.828907,4.720084,3
268,-0.163533,-0.819495,1
1779,-3.129383,-2.558064,3
1220,-0.630766,-3.895061,3
1384,-2.429444,-4.10713,3
915,-2.099765,3.411461,3
1400,-1.232948,-4.6157,3
457,1.191084,-1.735779,2
911,-4.166587,3.197442,3
1416,-4.246714,-2.431262,3
1375,5.556737,0.183238,3
615,-1.853896,-0.530087,2
462,-0.803906,-2.107343,2
69,0.093949,0.874907,1
1522,2.446728,3.347552,3
920,-3.127038,-1.840672,3
904,3.455762,2.399342,3
1236,4.193544,0.143132,3
616,1.331628,-1.582201,2
1295,1.501477,3.783281,3
202,0.41938,0.472261,1
63,-0.786555,0.448116,1
1476,3.708058,-4.171915,3
1689,-4.212485,0.387796,3
1251,-3.643076,-1.805308,3
1461,-3.557119,1.656269,3
1212,-3.503704,-3.965701,3
180,1.084732,-0.377949,1
426,1.258124,-1.491754,2
463,1.580655,-1.772092,2
702,-1.680883,-1.206002,2
1394,-0.003616,-4.965888,3
1219,0.231804,5.223485,3
1690,-4.885498,-1.689345,3
867,0.697677,4.996593,3
302,1.691636,-1.58158,2
46,-0.980787,0.12691,1
8,0.456408,-0.93646,1
1673,3.667848,-2.597175,3
531,0.947228,-1.953192,2
1205,-4.438852,3.248658,3
1268,5.352904,0.414062,3
1733,-4.982481,1.671255,3
1034,-0.134417,4.731732,3
395,1.56808,-1.002822,2
934,-0.358458,4.644999,3
368,1.254273,-2.009763,2
1614,-3.828173,-1.993236,3
50,-0.333126,0.620329,1
1607,0.547634,5.21207,3
1142,-3.583014,2.473071,3
441,-0.783665,-1.826857,2
842,3.234548,4.254206,3
532,1.966991,-0.344689,2
954,-4.396744,1.955324,3
460,1.581724,-1.592606,2
1240,-1.711754,-4.907477,3
1132,3.195401,4.01536,3
1354,-3.517636,-3.654244,3
870,5.178028,-0.099189,3
1092,-4.466019,-3.30514,3
1027,1.04222,4.701931,3
711,-1.980972,-1.191368,2
538,-1.674425,-0.985891,2
469,-0.861933,-2.189818,2
1191,-0.266432,3.899851,3
1638,0.25647,-3.937739,3
399,-0.163456,-2.152597,2
419,0.667118,-2.112576,2
1711,-0.78759,4.777453,3
251,0.274994,-0.951917,1
81,-0.714834,0.865406,1
719,0.12989,-2.072561,2
1493,-3.225361,1.144708,3
44,1.080483,-0.306667,1
738,0.079772,-2.170927,2
1050,3.784269,-4.147294,3
1206,2.336672,4.276772,3
597,1.73104,-1.525931,2
1241,-2.862188,-2.230358,3
975,0.637274,-5.146637,3
1531,3.780577,-1.343388,3
549,-1.48259,-1.220657,2
273,0.858783,-0.73681,1
1464,-3.406552,-3.358308,3
575,-1.751582,-0.761014,2
324,-1.219081,-1.80732,2
1785,2.852668,-3.404875,3
1279,-4.051478,-1.90994,3
607,-2.077536,-0.267688,2
1475,-1.278279,4.721933,3
423,-1.309923,-1.692415,2
1312,4.374726,-0.440929,3
1469,-3.834167,-3.658838,3
1730,2.947198,-1.696422,3
30,-0.034135,-0.018311,1
1009,5.368594,-0.789381,3
1264,-4.249007,-2.368192,3
1379,0.564689,4.324241,3
1651,2.319924,-4.817012,3
1797,-0.524097,3.659981,3
940,1.571626,-4.224458,3
421,-1.084547,-1.979792,2
1262,-2.434252,2.633228,3
601,-1.41139,-1.619857,2
537,2.003887,-0.591358,2
1230,-2.375232,2.648455,3
889,-0.012066,-4.172751,3
697,1.764561,-1.276048,2
138,0.4473,0.65745,1
1135,-4.963161,0.94396,3
357,1.253374,-1.511828,2
923,4.626334,2.646779,3
1485,3.438299,-1.157119,3
1373,-1.374768,-4.064502,3
1586,0.546262,4.412403,3
209,-0.18961,-1.132889,1
942,-4.694419,0.976321,3
1410,-1.748115,-3.983734,3
1061,3.037899,-1.726801,3
1604,-1.762147,-4.170403,3
10,0.942539,-0.065533,1
224,-0.04365,-0.48952,1
434,-0.412128,-1.988414,2
453,-1.519338,-1.038005,2
1397,3.550646,4.131036,3
333,-2.146442,-0.070458,2
1489,-3.953702,-3.902078,3
542,-1.268167,-1.688926,2
567,-1.141816,-1.826008,2
1381,-5.484995,-0.363617,3
1149,-0.144522,3.418013,3
59,0.796905,-0.646065,1
1686,3.626302,-3.118579,3
48,-0.753007,-0.195943,1
956,-1.14588,4.17884,3
625,2.010874,-0.617865,2
295,0.18266,-0.372524,1
572,-2.124616,-0.955515,2
1562,4.016275,-2.4026,3
1534,-0.039198,5.532218,3
345,0.388106,-2.092822,2
758,0.359776,-2.159283,2
1529,4.184888,-1.9609,3
673,2.066652,-0.223613,2
780,1.627709,-1.617597,2
1175,2.666284,4.293456,3
1187,-4.211899,-0.214013,3
1096,5.248001,-1.511341,3
291,0.218495,-0.612731,1
1409,4.312161,-2.85698,3
510,-1.194226,-1.730276,2
1218,5.143568,2.060215,3
577,2.137718,-0.937655,2
230,-0.125051,1.132601,1
1408,2.714875,-2.524511,3
31,0.655937,0.858635,1
1454,-4.51999,0.828827,3
1223,4.490468,-2.119962,3
717,0.999815,-2.028851,2
1790,3.492658,2.747596,3
797,-1.651765,-0.751443,2
981,-5.030886,2.021914,3
400,-0.120222,-2.165268,2
1020,1.118131,4.525397,3
1698,3.142312,-2.772668,3
1054,-3.657642,-3.86259,3
386,-1.393763,-1.832154,2
1288,-1.891946,-4.45274,3
838,-1.028914,-5.374847,3
698,-2.034549,-0.661591,2
1386,-1.491851,-4.410364,3
850,1.761767,-4.811668,3
1402,-2.494963,-3.34974,3
385,-0.649663,-1.963092,2
410,1.453914,-1.50953,2
1641,-2.687411,-2.437319,3
1266,-0.617117,3.581685,3
770,-0.974248,-2.10224,2
1344,-4.519687,3.06834,3
125,0.153774,1.114176,1
1131,-3.42177,-4.440338,3
658,1.338233,-1.720374,2
574,-1.956048,-1.052726,2
1795,4.221331,-0.045618,3
459,1.394261,-1.429837,2
481,1.95133,-0.722472,2
916,-4.105439,1.721475,3
766,0.425681,-2.29083,2
199,0.184315,-0.520138,1
56,0.056623,0.269662,1
1328,1.236389,-4.400227,3
682,2.080524,-0.579434,2
1098,0.909699,-4.51316,3
887,-0.649525,3.987922,3
1613,-1.625931,4.049728,3
1509,-0.898958,-3.425692,3
1385,3.448013,-4.020418,3
890,3.435851,2.473377,3
570,-1.554886,-1.492087,2
1151,-4.015666,2.503704,3
1430,-4.171646,-0.187986,3
1160,-2.308069,-3.622083,3
1337,1.667523,4.759022,3
360,0.338447,-2.014786,2
1749,2.490665,4.529473,3
76,0.525389,-0.232919,1
299,0.442164,-0.155371,1
1083,4.327801,-0.827873,3
863,0.621217,4.008708,3
1374,4.9288,-1.010125,3
1521,-1.946991,-3.482474,3
1117,4.625187,-0.886732,3
13,0.321086,0.870754,1
1139,-2.166564,-4.388448,3
85,-0.368599,1.034293,1
741,0.180534,-1.996024,2
898,5.11237,1.085175,3
472,1.584197,-1.524137,2
895,3.223892,-1.498989,3
932,4.541931,-2.477303,3
167,0.167452,-0.45982,1
659,0.599071,-2.154696,2
45,0.635704,-0.563401,1
849,4.090943,-3.536839,3
1437,3.385776,0.058733,3
1451,-3.55289,-0.399854,3
546,-1.824814,-1.168815,2
1637,3.595346,-0.655707,3
1597,0.942621,3.742502,3
988,-5.500841,-0.66854,3
439,0.084809,-2.163809,2
1620,-3.903517,-2.211936,3
611,0.595705,-2.034044,2
826,1.359533,-4.749443,3
623,-0.25454,-1.957426,2
1636,4.622593,-0.242002,3
106,0.186444,-0.623523,1
1366,-4.182221,2.800268,3
448,-0.028736,-2.136206,2
705,0.488604,-2.081075,2
170,-0.056856,1.056737,1
102,-0.169943,-0.100867,1
1377,-5.022316,1.630487,3
443,-0.84779,-1.745891,2
995,-4.904933,1.642851,3
1134,1.435196,-3.861487,3
725,-0.924216,-1.773252,2
1555,2.714523,4.179934,3
494,1.554584,-1.140328,2
1229,-1.980816,4.346659,3
1506,3.530838,-3.26729,3
1123,5.020367,-2.242836,3
1517,-0.7014,-4.446432,3
1728,-4.524883,-1.070665,3
1390,-0.090997,5.120241,3
946,0.063617,3.942004,3
822,1.64516,4.130759,3
655,2.271857,-0.680486,2
613,-1.511514,-1.230184,2
1148,2.98795,4.328595,3
346,-1.422241,-1.676094,2
1752,-4.399217,0.777343,3
951,0.705523,-3.400412,3
35,1.106918,0.238327,1
132,-0.313214,1.140179,1
944,2.304122,3.068464,3
384,1.115026,-1.939207,2
1193,-1.70398,4.322527,3
685,-1.770832,-0.658887,2
212,0.107715,0.942676,1
668,2.009437,-0.433403,2
1176,-4.736668,0.152002,3
229,-0.019047,-0.628289,1
1228,5.549006,-0.207669,3
155,1.044223,0.178181,1
1640,2.331587,-3.788676,3
973,1.583603,-4.905391,3
1760,5.018392,-1.430443,3
1754,-1.866607,4.374974,3
296,0.513168,-0.851393,1
317,-1.865581,-0.711934,2
1076,-0.355724,5.592032,3
1627,4.593416,1.920831,3
353,-1.918544,-0.21001,2
1538,3.765623,-2.900237,3
222,-0.363196,-1.016051,1
383,-0.051375,-2.005252,2
1125,-1.183762,-3.888476,3
917,-2.02514,4.889679,3
471,2.069769,-0.021183,2
1389,-2.309903,-2.984504,3
1618,4.845005,1.94149,3
319,0.850971,-1.73305,2
1579,1.660837,3.50583,3
1524,-4.235767,2.485272,3
149,0.023048,-0.179681,1
1184,-3.846243,2.27059,3
14,0.748663,-0.719158,1
1439,3.467304,-3.842125,3
193,-0.468064,0.355679,1
1743,-3.213325,3.882702,3
761,-1.209225,-1.343626,2
1595,3.775466,0.950288,3
1308,-2.69763,-3.666958,3
1523,-2.583726,2.589733,3
1292,4.747069,0.649332,3
136,1.062523,0.016815,1
347,0.224837,-2.171974,2
1633,1.078505,-3.686267,3
1376,-3.351424,4.485337,3
1353,-2.968291,2.662953,3
264,-0.085723,-1.02525,1
634,-0.040762,-2.150074,2
140,-0.741457,-0.7769,1
829,-3.482033,3.37677,3
157,0.724322,-0.645972,1
172,-0.198184,-0.668861,1
1179,5.184942,-0.831397,3
853,2.4643,3.08406,3
1503,-2.656563,4.776029,3
281,0.563313,0.99447,1
228,0.607919,-0.531311,1
1136,-3.72226,0.906526,3
1700,1.812234,-4.002471,3
891,-4.178479,2.514811,3
1145,-4.006751,0.912278,3
391,0.512268,-1.7987,2
1254,-5.339682,-1.556169,3
868,0.716482,4.892395,3
1283,-2.198079,-4.89536,3
95,0.058704,0.224547,1
1543,3.379459,3.33571,3
1701,-2.300039,-2.650069,3
1244,0.20494,3.946739,3
276,0.937546,-0.483943,1
1051,2.082186,4.016915,3
143,-0.734722,-0.143868,1
980,-1.163066,4.192217,3
458,1.675578,-1.147226,2
759,1.174106,-1.591768,2
996,3.099472,1.727165,3
1006,-3.852735,1.396601,3
298,-0.705367,0.657527,1
1048,-2.082602,4.348897,3
1318,2.130239,-4.843592,3
118,-0.041455,0.985708,1
792,1.919666,-1.419258,2
116,-0.836778,0.804875,1
326,-0.492039,-1.98555,2
798,0.983161,-1.72407,2
344,0.198024,-2.172022,2
204,0.094292,-1.037365,1
97,-0.082752,0.142115,1
955,-1.796703,3.343624,3
1533,-3.043256,2.495357,3
1655,-0.229356,-5.190109,3
1792,2.203665,3.834823,3
1466,-1.279427,5.275224,3
1259,-2.635575,3.17586,3
301,-1.688208,-1.626058,2
1477,-1.78872,-4.022329,3
1368,0.672765,-5.548362,3
1580,-3.03242,-2.971331,3
1364,4.236031,2.008291,3
1298,1.416341,4.950834,3
1766,2.781927,4.229237,3
396,0.284883,-1.999447,2
1383,1.150917,3.58723,3
223,0.134369,-1.116582,1
1211,1.071324,-4.591393,3
582,-1.771132,-0.800123,2
851,-3.984736,-0.129234,3
1277,-2.04145,-4.570255,3
1438,-1.719519,4.889522,3
311,-0.053677,-2.333044,2
965,3.779077,3.788709,3
1342,-0.873368,5.450543,3
491,0.03018,-2.040517,2
1718,2.444936,-3.579428,3
1041,-0.181373,4.871429,3
1152,-0.934098,3.362504,3
647,1.544035,-1.664531,2
231,-0.298213,-0.824835,1
1634,-1.137031,3.938515,3
1456,-0.143068,4.336193,3
782,0.513842,-2.151698,2
773,0.607808,-1.859146,2
1116,-5.264599,-1.071051,3
1670,-1.286268,-5.412623,3
1331,3.444616,-4.344616,3
1180,-2.758592,3.904269,3
1316,-0.733022,-3.627565,3
1232,3.031942,3.251868,3
71,-0.396081,0.440444,1
444,-2.227161,-0.620868,2
153,0.209883,-0.892722,1
528,-0.831973,-1.923386,2
1703,-3.794039,-0.644762,3
1024,4.044866,-3.003364,3
414,-2.109995,-0.225912,2
790,1.798381,-0.645306,2
40,0.564339,0.992619,1
1128,3.178368,-4.152773,3
801,-1.057988,-5.410215,3
1186,-3.464421,-1.607277,3
416,-2.318751,-0.102404,2
1762,-3.740076,2.719946,3
1150,-0.35052,4.157332,3
156,0.572459,-0.983493,1
342,1.69495,-1.287279,2
818,4.340898,-0.940292,3
1514,3.042,-4.585928,3
592,0.207112,-2.166969,2
270,0.786397,0.745312,1
960,4.971955,2.388381,3
695,1.946824,-0.856687,2
502,1.518851,-1.131193,2
2,-0.974757,0.263573,1
320,0.046388,-2.100417,2
843,-4.621843,-0.818729,3
382,2.149956,-0.601941,2
769,0.612571,-2.086014,2
438,0.808248,-2.180135,2
751,-1.834257,-0.694833,2
1335,-0.219536,-3.458359,3
718,-1.647005,-1.314143,2
627,-0.294834,-2.303901,2
747,1.804805,-0.521106,2
1645,-3.644708,-0.445164,3
1697,-3.437548,0.229128,3
539,1.936729,-0.277914,2
1776,-4.171004,-1.354318,3
755,-1.062881,-1.662994,2
1070,4.108896,-2.292351,3
470,1.85098,-0.554623,2
1615,4.706984,2.957494,3
1313,-3.021397,-3.189699,3
1245,1.823919,-5.255079,3
1724,5.212763,-1.352226,3
573,1.965081,-0.758701,2
493,1.431567,-1.858018,2
309,-2.01982,-0.865399,2
498,1.861587,-0.594415,2
631,-1.806732,-0.045907,2
361,-1.366699,-1.873652,2
603,1.632807,-1.347463,2
512,-1.018006,-1.60783,2
1129,4.945418,1.976126,3
1462,0.100993,-4.055184,3
1632,2.599721,2.859771,3
1569,-3.392174,0.9533,3
704,-2.054733,-0.596349,2
727,1.050002,-1.534627,2
1345,-3.309407,1.324019,3
969,0.369338,-3.885781,3
1350,1.84629,-2.90224,3
1622,1.579536,5.21428,3
862,-1.827659,3.558264,3
736,1.527138,-1.453529,2
831,-3.827125,-3.868041,3
1504,5.119566,-1.429611,3
417,2.335523,-0.099567,2
1556,-3.710758,1.124476,3
641,2.132064,-0.692956,2
966,0.025845,-5.120563,3
881,-3.470378,-3.727446,3
1227,-2.632711,-3.33364,3
1635,4.314533,-2.544657,3
786,2.232626,-0.502017,2
919,-2.167205,-3.637265,3
277,-0.045574,-0.580884,1
19,0.436795,0.104234,1
215,0.327581,0.887735,1
1015,-0.307926,-4.600485,3
101,0.145971,-0.852413,1
807,3.763647,0.992905,3
734,1.551183,-1.144141,2
1539,-3.997292,-1.683441,3
1713,4.16649,2.246577,3
79,-1.149714,0.126845,1
17,-0.167861,-0.48382,1
284,0.451846,0.747514,1
943,-1.856122,-3.286803,3
928,-4.749668,2.060242,3
1644,0.981015,-4.990023,3
1314,-3.805281,2.411621,3
624,-0.812612,-1.652226,2
1665,4.644976,1.081614,3
246,-0.667838,0.417111,1
310,0.605703,-1.933373,2
523,-1.274484,-1.604231,2
1141,1.570034,3.13132,3
735,-1.510836,-1.239265,2
1122,-3.067194,4.650112,3
1102,-2.832833,-2.662434,3
25,0.373965,0.585739,1
1198,1.180575,4.694094,3
1059,4.176053,2.020527,3
1780,-2.839409,-4.435439,3
288,-0.305698,0.023366,1
1005,4.049024,0.762831,3
562,-2.013395,-0.035771,2
576,0.163691,-1.929002,2
526,-1.918468,-0.527871,2
1290,2.140031,-4.240722,3
1144,-5.350883,1.490056,3
998,4.312088,0.625274,3
415,-0.57567,-2.244051,2
580,-0.419432,-2.225754,2
1672,0.832979,4.39278,3
1018,-3.264076,-2.247777,3
1590,0.977454,3.796992,3
1346,-0.884567,-5.469794,3
637,1.916628,-0.36879,2
1528,0.150326,-4.725805,3
283,-0.019141,0.36533,1
446,-1.245778,-1.789288,2
1667,0.354139,3.902344,3
242,-0.601509,-0.741845,1
1367,0.979853,5.435139,3
1195,1.94497,-4.204865,3
1468,-4.764382,0.735433,3
894,3.315307,-2.271017,3
789,1.857467,-0.442907,2
1551,1.916787,-5.111523,3
591,-0.895158,-1.874727,2
845,1.032722,-3.927379,3
1759,-2.989302,-3.024802,3
1643,1.900378,-3.329488,3
609,1.624225,-0.958483,2
1418,-0.084128,4.629105,3
1339,-4.58892,-3.058029,3
1542,3.835352,-0.604079,3
181,0.588417,-0.901797,1
1270,2.606528,-2.385907,3
1709,1.94182,4.151106,3
314,-0.78283,-1.907111,2
1325,-1.586889,3.536394,3
859,-5.525762,0.203072,3
1564,1.179017,5.042794,3
187,0.051843,1.041639,1
802,4.307847,1.268187,3
1575,3.58786,0.984872,3
1057,-3.425752,-3.824569,3
1,-0.41668,0.214674,1
731,2.273954,-0.532991,2
1326,1.538166,5.003578,3
465,1.712559,-0.743865,2
427,-2.203535,-0.245257,2
626,-0.148845,-2.015032,2
1435,1.300131,-3.870984,3
452,-0.36022,-2.176449,2
945,4.142364,0.762487,3
219,0.428564,0.139253,1
335,0.42823,-1.826925,2
1576,-3.720045,-1.822769,3
271,0.573301,0.896112,1
595,1.926648,-1.058277,2
495,0.806906,-1.808066,2
1147,0.290375,3.373218,3
363,0.746088,-2.196401,2
733,-2.109243,-0.237226,2
1720,2.769968,4.212668,3
1472,1.89237,-4.573313,3
73,-0.449959,-1.003387,1
1159,5.501498,-0.176469,3
467,1.534301,-1.151734,2
1727,0.809246,-4.78584,3
422,-2.258136,-0.576793,2
401,-2.034784,-0.148793,2
564,1.153061,-1.957217,2
1091,-2.373395,-3.693579,3
1130,0.482009,4.627582,3
72,-0.404931,-0.893242,1
371,1.857871,-0.472621,2
241,0.923198,-0.63082,1
160,0.220598,0.495859,1
450,0.012824,-1.89715,2
1349,2.897281,-3.07895,3
1505,-2.913906,3.559766,3
583,1.978412,-0.078655,2
100,-0.129197,0.472128,1
1778,-0.804389,4.261286,3
343,-0.00932,-1.903803,2
196,0.580861,-0.129889,1
716,1.801119,-0.47417,2
474,1.677493,-1.045258,2
1431,-3.670556,0.62999,3
1585,-2.539906,2.22101,3
1578,4.094966,1.849963,3
437,-1.005143,-1.861135,2
104,0.673796,-0.538182,1
1163,5.431637,1.163073,3
1486,-0.291078,5.001902,3
646,1.573069,-1.050955,2
530,0.3141,-1.996238,2
1133,-3.376025,3.383971,3
1370,0.841361,-3.530749,3
1671,2.561422,-3.213084,3
16,1.040494,0.154433,1
588,2.041803,-1.108456,2
722,-1.500265,-1.715751,2
671,2.196939,-0.590636,2
338,-0.483127,-1.919757,2
1146,1.909194,4.472682,3
994,-3.70595,-1.913194,3
1189,-2.087553,-4.307051,3
558,2.050023,-0.272991,2
1591,-4.245231,-2.691004,3
1097,3.473689,0.169366,3
176,0.253758,0.599888,1
813,-3.772723,-1.604135,3
1064,-4.705078,-2.331986,3
535,-1.852589,-1.40934,2
358,2.112269,-0.23648,2
403,0.251931,-2.21745,2
165,-0.98047,-0.602757,1
678,1.543496,-1.829317,2
203,-0.861543,0.65521,1
282,0.140191,-1.133057,1
1074,-3.943791,-2.209948,3
1427,2.911138,1.70704,3
675,0.09763,-1.823814,2
1338,-2.566981,-4.937404,3
1090,-3.962532,-2.92407,3
976,-4.238557,-3.098603,3
1450,2.168263,4.752164,3
447,0.538733,-2.048663,2
1225,-3.456175,-3.368236,3
192,-0.575714,-0.847828,1
370,-1.863058,-1.366634,2
1717,-3.5192,3.23082,3
1559,-3.501877,1.277892,3
1252,-1.640356,-3.062093,3
657,-0.402282,-1.812958,2
1106,5.036181,-0.998216,3
760,0.736896,-1.966343,2
322,0.716558,-1.915097,2
1213,3.552158,2.087146,3
365,2.151861,-1.005499,2
1693,-2.658188,4.05509,3
239,-1.120877,0.288749,1
1480,3.821202,3.55987,3
1274,-5.331415,1.171441,3
1271,-3.676851,-0.22372,3
243,0.001529,-0.613068,1
788,-0.925402,-1.566519,2
1197,-0.784672,3.700539,3
1169,-1.821104,-5.122147,3
1199,2.707951,-4.077724,3
1321,-0.540611,3.379753,3
1026,-4.423881,-1.481496,3
1103,0.923365,-3.517343,3
787,-0.441734,-1.779793,2
1459,-4.037235,3.089769,3
1307,-4.107545,1.276032,3
504,-2.177572,-0.411268,2
964,3.540236,1.152304,3
372,2.296647,-0.233234,2
840,5.2247,0.122577,3
584,2.293298,-0.463192,2
803,3.1095,-2.005986,3
586,-1.642769,-0.862217,2
800,-1.454964,5.142118,3
775,-1.917408,-1.206751,2
1581,-1.598479,-4.298361,3
339,-1.089611,-1.516229,2
207,0.240508,-0.584989,1
855,2.980517,3.458137,3
536,-1.928513,-0.716584,2
902,-3.342702,-3.932749,3
350,1.998286,-1.067652,2
1291,-4.945713,-1.423881,3
190,-0.074849,-0.578847,1
680,0.647434,-1.75744,2
425,1.702937,-1.510705,2
740,-1.623162,-1.215099,2
1544,-0.838313,4.01958,3
336,1.941272,-0.938384,2
1725,-5.239148,1.202734,3
799,2.005051,-0.535208,2
700,-2.113787,-0.361855,2
129,0.854434,-0.799484,1
1681,-2.887544,4.171154,3
279,0.151387,-0.941188,1
1002,-1.769832,-3.65638,3
746,-1.557629,-0.942325,2
836,-1.493861,4.731661,3
105,0.817179,0.854101,1
1140,0.077212,4.81514,3
154,-0.668529,-0.832356,1
656,-0.353805,-1.968343,2
115,-0.880193,0.256176,1
1775,0.251334,-3.569197,3
440,0.873401,-2.114756,2
754,2.178224,-0.586544,2
318,-0.637037,-2.259492,2
1066,0.215083,-5.151122,3
677,-2.211916,-0.302601,2
938,-4.632532,-2.497019,3
1049,3.17938,3.381416,3
1535,1.37852,-3.62719,3
1722,0.712292,-3.81778,3
1639,-4.723727,2.05593,3
837,3.3572,1.512401,3
1425,-1.393964,-3.87288,3
124,-0.586613,-0.327906,1
1682,-1.961959,4.792254,3
812,2.144544,-4.322139,3
1755,3.077769,3.405585,3
174,0.716798,-0.436879,1
151,-0.293597,-0.237008,1
55,1.016092,-0.557092,1
408,1.871422,-0.556618,2
168,-0.248372,-0.205675,1
259,0.428921,-0.390541,1
1769,-4.751917,-2.566841,3
1363,3.854642,-3.479994,3
404,0.944258,-2.179929,2
1137,4.270319,-0.25118,3
451,1.432092,-1.743293,2
1155,1.058463,4.566184,3
1511,3.303919,2.134652,3
1508,0.013581,4.28471,3
1712,2.401183,-4.985408,3
60,0.796853,0.107234,1
1284,0.2772,-4.736949,3
249,0.357841,0.27876,1
1646,3.796686,2.50029,3
1674,-2.347022,-3.180727,3
1572,3.032347,3.095033,3
857,2.151635,2.930364,3
905,1.248025,5.441773,3
533,0.510549,-2.169402,2
1786,2.473469,-3.236567,3
184,0.786379,-0.809734,1
1161,-2.517668,4.884825,3
1714,0.799776,4.838304,3
1768,3.771245,1.920175,3
1491,3.004418,2.503682,3
1781,-2.809726,-3.110328,3
1194,2.949007,2.550543,3
1423,-3.95675,3.478156,3
809,-4.015337,-0.278058,3
569,-0.809002,-1.77057,2
856,5.305989,1.280254,3
739,-1.675477,-1.391447,2
1487,-2.804223,2.421873,3
1518,2.636348,-3.396139,3
389,-0.811328,-2.009621,2
130,-0.379692,0.177448,1
1796,4.483162,2.921077,3
476,1.704441,-1.629846,2
110,0.112895,0.231929,1
378,1.484007,-1.226121,2
500,0.485991,-2.131435,2
1653,5.201503,-1.017014,3
939,-3.883234,3.955596,3
1242,-3.539649,-0.013686,3
297,0.162044,0.493154,1
1588,0.238806,-3.64742,3
629,1.084412,-1.856139,2
1365,1.776506,-3.864076,3
1467,-5.30763,0.045146,3
1113,-2.252782,2.792855,3
1299,3.640519,-2.095726,3
913,2.059718,-4.018763,3
871,0.608955,-4.789736,3
1460,-1.27324,-3.857546,3
1436,0.300408,3.427559,3
499,1.226194,-1.652375,2
351,-1.82123,-0.700679,2
1358,2.55316,-4.622537,3
1745,-3.870031,1.538723,3
553,-1.00931,-1.969668,2
815,-2.0577,3.75302,3
47,-0.919411,0.649461,1
967,-3.957688,0.255121,3
1530,-3.080366,-3.041074,3
632,2.200726,-0.645805,2
405,-1.704325,-1.173958,2
1447,1.092835,3.925567,3
568,1.53032,-1.414385,2
213,-0.97033,0.083667,1
1398,2.009109,4.127764,3
1770,-3.473585,0.924255,3
516,1.944495,-0.129123,2
133,-0.509309,-0.954113,1
1357,-1.309966,4.364363,3
1158,4.428828,1.805821,3
1710,5.134702,-1.727032,3
1457,-2.766734,-3.553542,3
926,5.155728,0.337572,3
158,-0.106161,-0.411722,1
506,2.027761,-0.930926,2
1192,-0.434998,3.794046,3
921,0.886786,4.378302,3
1455,-4.223987,1.64249,3
1248,-1.395318,-5.212224,3
65,0.001304,0.281834,1
1330,2.607768,-2.374111,3
873,0.693944,4.924843,3
1153,-3.225395,2.806328,3
1317,3.093362,-4.202896,3
633,-0.624111,-2.013159,2
1028,0.994643,-3.736707,3
456,-1.317791,-1.798844,2
1215,3.6898,4.200314,3
1011,3.438181,0.571926,3
1204,-3.301671,-3.454267,3
1536,4.163454,3.139035,3
293,-0.543713,0.187683,1
565,0.888949,-2.211017,2
1594,1.772154,4.854518,3
971,-3.99064,-1.906975,3
1056,-0.193213,-5.433493,3
1115,-4.675804,-1.852937,3
962,4.75753,0.501347,3
455,1.69728,-0.768671,2
380,1.843732,-0.499961,2
477,1.895507,-0.583018,2
1165,3.58495,-3.27207,3
240,-0.157563,-0.657674,1
112,0.78721,0.327726,1
1691,4.123501,-1.424902,3
1715,4.141661,2.294228,3
1547,-4.390307,2.810514,3
61,0.242114,-1.088646,1
1625,3.524209,-0.587325,3
1619,-3.085578,-3.814487,3
1746,-2.966342,3.850225,3
445,1.580886,-1.348279,2
226,0.738974,0.582708,1
1369,-1.054797,3.365545,3
1042,-4.786591,-0.844749,3
1729,-4.296578,0.724552,3
548,-0.35435,-2.114695,2
714,0.460464,-1.869034,2
1080,-3.393198,-3.126066,3
1666,-2.524437,4.709845,3
1401,5.029216,-1.017551,3
805,-0.614424,3.765698,3
1494,5.373898,-0.598391,3
1610,1.088914,3.44282,3
686,-2.169527,-0.089284,2
1473,2.366001,-3.072852,3
1445,3.972406,-2.347585,3
1479,2.494422,4.736518,3
1084,-5.032301,-1.382829,3
715,-1.76424,-0.47025,2
937,4.47711,-3.340618,3
1499,3.038009,-2.584057,3
1532,2.07338,3.143479,3
1372,3.518595,1.361857,3
1237,3.654556,-1.351172,3
352,-1.686475,-0.9551,2
860,3.045358,-4.411187,3
1016,0.492759,4.771555,3
610,-0.535948,-1.813753,2
484,-0.172914,-2.248656,2
959,2.402568,3.117843,3
723,0.460471,-2.326785,2
729,-1.90798,-0.350194,2
141,-0.6603,-0.147151,1
663,0.267961,-2.094705,2
1630,4.263687,3.462,3
776,2.246976,-0.423657,2
208,0.035093,-0.192279,1
1019,-3.240823,1.758011,3
1032,-1.732222,-4.027627,3
1694,-3.780262,-3.430972,3
667,-2.075841,-0.964019,2
1501,1.036518,4.253865,3
376,-0.562077,-2.221269,2
164,1.161128,0.273347,1
107,0.53214,-0.219304,1
234,0.790701,0.289926,1
852,-4.633099,0.510229,3
39,0.163433,0.263014,1
527,-1.864927,-0.549081,2
188,-0.266324,-0.032778,1
1310,2.279146,-3.268386,3
561,1.796665,-0.760862,2
1736,4.694199,1.437081,3
1162,-4.184185,-0.842121,3
1434,3.668572,0.580211,3
355,-1.81945,-0.881615,2
679,-1.951014,-1.154848,2
1278,-1.090629,5.030695,3
